"line","period","total_before","total_after","removed_count","action"
3558,"1980Q1",35,35,0,"unchanged"
3566,"1982Q1",3,3,0,"unchanged"
3567,"1982Q2",2,2,0,"unchanged"
3568,"1982Q3",3,3,0,"unchanged"
3569,"1982Q4",16,16,0,"unchanged"
3570,"1983Q1",4,4,0,"unchanged"
3571,"1983Q2",1,1,0,"unchanged"
3572,"1983Q3",5,5,0,"unchanged"
3573,"1983Q4",4,4,0,"unchanged"
3574,"1984Q1",42,42,0,"unchanged"
3575,"1984Q2",50,50,0,"unchanged"
3576,"1984Q3",15,15,0,"unchanged"
3577,"1984Q4",7,7,0,"unchanged"
3578,"1985Q1",35,35,0,"unchanged"
3579,"1985Q2",24,24,0,"unchanged"
3580,"1985Q3",108,108,0,"unchanged"
3583,"1986Q2",44,44,0,"unchanged"
3584,"1986Q3",29,29,0,"unchanged"
3585,"1986Q4",4,4,0,"unchanged"
3586,"1987Q1",8,8,0,"unchanged"
3587,"1987Q2",42,42,0,"unchanged"
3588,"1987Q3",8,8,0,"unchanged"
3610,"1993Q1",110,110,0,"unchanged"
3611,"1993Q2",336,336,0,"unchanged"
3612,"1993Q3",288,288,0,"unchanged"
3613,"1993Q4",128,128,0,"unchanged"
3614,"1994Q1",193,193,0,"unchanged"
3615,"1994Q2",422,422,0,"unchanged"
3616,"1994Q3",270,270,0,"unchanged"
3626,"1997Q1",136,130,6,"zero_bins_lt70"
3627,"1997Q2",110,109,1,"zero_bins_lt70"
3628,"1997Q3",73,69,4,"zero_bins_lt70"
3629,"1997Q4",16,15,1,"zero_bins_lt70"
3630,"1998Q1",100,99,1,"zero_bins_lt70"
3631,"1998Q2",87,87,0,"unchanged"
3632,"1998Q3",109,109,0,"unchanged"
3633,"1998Q4",107,107,0,"unchanged"
3634,"1999Q1",3,2,1,"zero_bins_lt70"
3638,"2000Q1",151,146,5,"zero_bins_lt70"
3639,"2000Q2",167,165,2,"zero_bins_lt70"
3640,"2000Q3",110,109,1,"zero_bins_lt70"
3641,"2000Q4",147,143,4,"zero_bins_lt70"
3642,"2001Q1",154,154,0,"unchanged"
3643,"2001Q2",105,105,0,"unchanged"
3644,"2001Q3",88,87,1,"zero_bins_lt70"
3645,"2001Q4",39,39,0,"unchanged"
3646,"2002Q1",41,41,0,"unchanged"
3647,"2002Q2",57,57,0,"unchanged"
3650,"2003Q1",150,145,5,"zero_bins_lt70"
3651,"2003Q2",75,75,0,"unchanged"
3652,"2003Q3",86,86,0,"unchanged"
3653,"2003Q4",99,99,0,"unchanged"
3654,"2004Q1",99,99,0,"unchanged"
3655,"2004Q2",54,54,0,"unchanged"
3656,"2004Q3",4,4,0,"unchanged"
3657,"2004Q4",73,73,0,"unchanged"
3658,"2005Q1",246,237,9,"zero_bins_lt70"
3659,"2005Q2",191,191,0,"unchanged"
3660,"2005Q3",115,114,1,"zero_bins_lt70"
3661,"2005Q4",95,95,0,"unchanged"
3662,"2006Q1",128,128,0,"unchanged"
3663,"2006Q2",111,110,1,"zero_bins_lt70"
3664,"2006Q3",81,81,0,"unchanged"
3665,"2006Q4",114,111,3,"zero_bins_lt70"
3666,"2007Q1",179,170,9,"zero_bins_lt70"
3667,"2007Q2",101,101,0,"unchanged"
3668,"2007Q3",49,48,1,"zero_bins_lt70"
3669,"2007Q4",73,73,0,"unchanged"
3670,"2008Q1",179,177,2,"zero_bins_lt70"
3671,"2008Q2",190,190,0,"unchanged"
3672,"2008Q3",68,65,3,"zero_bins_lt70"
3673,"2008Q4",65,65,0,"unchanged"
3674,"2009Q1",78,78,0,"unchanged"
3675,"2009Q2",47,47,0,"unchanged"
3676,"2009Q3",93,84,9,"zero_bins_lt70"
3677,"2009Q4",255,237,18,"zero_bins_lt70"
3678,"2010Q1",417,411,6,"zero_bins_lt70"
3679,"2010Q2",182,182,0,"unchanged"
3680,"2010Q3",110,106,4,"zero_bins_lt70"
3681,"2010Q4",185,184,1,"zero_bins_lt70"
3682,"2011Q1",98,98,0,"unchanged"
3683,"2011Q2",181,180,1,"zero_bins_lt70"
3684,"2011Q3",74,71,3,"zero_bins_lt70"
3685,"2011Q4",300,211,89,"zero_bins_lt70"
3686,"2012Q1",183,162,21,"zero_bins_lt70"
3687,"2012Q2",107,107,0,"unchanged"
3688,"2012Q3",234,234,0,"unchanged"
3689,"2012Q4",346,325,21,"zero_bins_lt70"
3690,"2013Q1",182,160,22,"zero_bins_lt70"
3691,"2013Q2",287,263,24,"zero_bins_lt70"
3692,"2013Q3",1029,1025,4,"zero_bins_lt70"
3693,"2013Q4",472,465,7,"zero_bins_lt70"
3694,"2014Q1",1205,1159,46,"zero_bins_lt70"
3695,"2014Q2",672,644,28,"zero_bins_lt70"
3696,"2014Q3",303,301,2,"zero_bins_lt70"
3697,"2014Q4",333,273,60,"zero_bins_lt70"
3698,"2015Q1",105,105,0,"unchanged"
3699,"2015Q2",599,429,170,"zero_bins_lt70"
3700,"2015Q3",665,593,72,"zero_bins_lt70"
3701,"2015Q4",446,441,5,"zero_bins_lt70"
3702,"2016Q1",715,670,45,"zero_bins_lt70"
3703,"2016Q2",855,827,28,"zero_bins_lt70"
3704,"2016Q3",714,710,4,"zero_bins_lt70"
3705,"2016Q4",667,665,2,"zero_bins_lt70"
3706,"2017Q1",275,275,0,"unchanged"
3707,"2017Q2",569,565,4,"zero_bins_lt70"
3708,"2017Q3",1395,1394,1,"zero_bins_lt70"
3709,"2017Q4",687,684,3,"zero_bins_lt70"
3710,"2018Q1",314,314,0,"unchanged"
3711,"2018Q2",637,636,1,"zero_bins_lt70"
3712,"2018Q3",534,533,1,"zero_bins_lt70"
3713,"2018Q4",305,305,0,"unchanged"
3714,"2019Q1",70,70,0,"unchanged"
3715,"2019Q2",299,297,2,"zero_bins_lt70"
3716,"2019Q3",310,304,6,"zero_bins_lt70"
3717,"2019Q4",832,832,0,"unchanged"
3718,"2020Q1",366,365,1,"zero_bins_lt70"
3719,"2020Q2",1768,1768,0,"unchanged"
3720,"2020Q3",783,776,7,"zero_bins_lt70"
3721,"2020Q4",433,433,0,"unchanged"
3722,"2021Q1",550,545,5,"zero_bins_lt70"
3723,"2021Q2",525,524,1,"zero_bins_lt70"
3724,"2021Q3",826,795,31,"zero_bins_lt70"
3725,"2021Q4",725,722,3,"zero_bins_lt70"
3726,"2022Q1",317,317,0,"unchanged"
3727,"2022Q2",1060,1058,2,"zero_bins_lt70"
3728,"2022Q3",779,772,7,"zero_bins_lt70"
3729,"2022Q4",374,367,7,"zero_bins_lt70"
3730,"2023Q1",339,337,2,"zero_bins_lt70"
3731,"2023Q2",846,835,11,"zero_bins_lt70"
3732,"2023Q3",865,853,12,"zero_bins_lt70"
3733,"2023Q4",743,549,194,"zero_bins_lt70"
3734,"2024Q1",483,483,0,"unchanged"
3735,"2024Q2",1715,1715,0,"unchanged"
3736,"2024Q3",3384,3381,3,"zero_bins_lt70"
